{"cameraMode":{"drawMode":0,"name":"Shaded","section":"Shading Mode"},"sceneLighting":true,"audioPlay":false,"sceneViewState":{"m_AlwaysRefresh":false,"showFog":true,"showSkybox":true,"showFlares":true,"showImageEffects":true,"showParticleSystems":true,"showVisualEffectGraphs":true,"m_FxEnabled":true},"in2DMode":false,"pivot":{"x":0.21206071972846986,"y":1.256569504737854,"z":-0.48416414856910708},"rotation":{"x":-0.05361342057585716,"y":-0.7308349609375,"z":0.057788074016571048,"w":-0.6779923439025879},"size":0.5137934684753418,"orthographic":false}